external_id,x_Center,y_Center,width,height,motor_visible
Bacilluslysemini0002_full_averaged_frame1.png,-1.0,-1.0,-1.0,-1.0,0
Bacilluslysemini0003_part121_29_averaged_frame1.png,26.703750610351562,173.316650390625,29.924985885620117,37.17910385131836,1
Bacilluslysemini0005_full_averaged_frame4.png,-1.0,-1.0,-1.0,-1.0,0
Bacilluslysemini0008_full_averaged_frame1.png,-1.0,-1.0,-1.0,-1.0,0
Bacilluslysemini0008_full_averaged_frame4.png,39.52728271484375,155.77325439453125,28.099876403808594,33.98188781738281,1
Bacilluslysemini0014_part121_7_averaged_frame1.png,-1.0,-1.0,-1.0,-1.0,0
Bacilluslysemini0014_part121_7_averaged_frame2.png,-1.0,-1.0,-1.0,-1.0,0
Bacilluslysemini0017_full_averaged_frame3.png,-1.0,-1.0,-1.0,-1.0,0
Bacilluslysemini0020_full_averaged_frame1.png,-1.0,-1.0,-1.0,-1.0,0
Bacilluslysemini0021_full_averaged_frame1.png,-1.0,-1.0,-1.0,-1.0,0
Bacilluslysemini0022_full_averaged_frame1.png,24.276254653930664,173.985595703125,23.08426856994629,24.98871421813965,1
Bacilluslysemini0022_full_averaged_frame3.png,34.38051986694336,153.52914428710938,26.221769332885742,33.33494186401367,1
Bacilluslysemini0024_part121_4_averaged_frame0.png,-1.0,-1.0,-1.0,-1.0,0
Bacilluslysemini0024_part121_4_averaged_frame2.png,-1.0,-1.0,-1.0,-1.0,0
Bacilluslysemini0024_part121_4_averaged_frame4.png,-1.0,-1.0,-1.0,-1.0,0
Bacilluslysemini0026_part121_17_averaged_frame0.png,-1.0,-1.0,-1.0,-1.0,0
Bacilluslysemini0029_full_averaged_frame4.png,123.21453094482422,184.78399658203125,30.442222595214844,36.122806549072266,1
Bacilluslysemini0030_part121_9_averaged_frame0.png,28.062179565429688,96.70844268798828,23.70033836364746,28.572439193725586,1
Bacilluslysemini0030_part121_9_averaged_frame2.png,66.8493423461914,186.18971252441406,18.28044319152832,14.059002876281738,1
Bacilluslysemini0031_part121_1_averaged_frame0.png,-1.0,-1.0,-1.0,-1.0,0
Bacilluslysemini0031_part121_1_averaged_frame3.png,-1.0,-1.0,-1.0,-1.0,0
Bacilluslysemini0031_part121_1_averaged_frame4.png,-1.0,-1.0,-1.0,-1.0,0
Bacilluslysemini0032_full_averaged_frame2.png,-1.0,-1.0,-1.0,-1.0,0
Bacilluslysemini0032_full_averaged_frame3.png,-1.0,-1.0,-1.0,-1.0,0
done_ab2014-010-14-11_0_0_averaged_201_frame0.png,89.69893646240234,108.2908935546875,41.05235290527344,52.76444625854492,1
done_ab2014-010-14-11_1_0_averaged_203_frame3.png,24.513221740722656,50.24745178222656,33.05990982055664,41.33987045288086,1
done_ab2014-010-14-14_0_0_averaged_569_frame2.png,115.8973159790039,52.19415283203125,41.20463180541992,51.568756103515625,1
done_ab2014-010-14-14_0_0_averaged_569_frame4.png,54.796878814697266,30.992578506469727,34.690757751464844,43.911075592041016,1
done_ab2014-010-14-19_0_0_averaged_689_frame1.png,33.28325271606445,138.22657775878906,38.151206970214844,50.438907623291016,1
done_ab2014-010-14-19_0_0_averaged_689_frame4.png,-1.0,-1.0,-1.0,-1.0,0
done_ab2014-010-14-1_0_1_averaged_626_frame0.png,49.870208740234375,104.95431518554688,39.45502853393555,52.38016128540039,1
done_ab2014-010-14-1_0_1_averaged_626_frame3.png,194.42897033691406,158.56459045410156,46.68838882446289,65.00404357910156,1
done_ab2014-010-14-20_0_1_averaged_86_frame2.png,-1.0,-1.0,-1.0,-1.0,0
done_ab2014-010-14-20_1_1_averaged_88_frame0.png,97.70001220703125,152.80995178222656,27.072057723999023,32.71690368652344,1
done_ab2014-010-14-20_1_1_averaged_88_frame3.png,-1.0,-1.0,-1.0,-1.0,0
done_ab2014-010-14-22_0_1_averaged_618_frame1.png,-1.0,-1.0,-1.0,-1.0,0
done_ab2014-010-14-26_0_0_averaged_269_frame1.png,38.8543815612793,113.58966827392578,14.618226051330566,15.929933547973633,1
done_ab2014-010-14-26_0_0_averaged_269_frame2.png,35.31633377075195,81.98869323730469,20.282672882080078,23.302562713623047,1
done_ab2014-010-14-26_0_0_averaged_269_frame3.png,-1.0,-1.0,-1.0,-1.0,0
done_ab2014-010-14-8_0_1_averaged_186_frame1.png,29.823017120361328,90.2066650390625,24.455923080444336,30.444602966308594,1
done_ab2014-010-14-8_0_1_averaged_186_frame2.png,-1.0,-1.0,-1.0,-1.0,0
done_ab2014-010-14-8_0_1_averaged_186_frame4.png,71.72760772705078,121.4975814819336,30.776405334472656,37.42062759399414,1
done_ab2014-10-15-13_0_0_averaged_241_frame1.png,10.76021957397461,98.9597396850586,20.006620407104492,25.219511032104492,1
done_ab2014-10-15-13_1_0_averaged_243_frame0.png,-1.0,-1.0,-1.0,-1.0,0
done_ab2014-10-15-13_1_0_averaged_243_frame4.png,-1.0,-1.0,-1.0,-1.0,0
done_ab2014-10-15-15_0_0_averaged_61_frame1.png,85.04602813720703,150.390380859375,29.75356101989746,38.51651382446289,1
done_ab2014-10-15-21_0_1_averaged_514_frame1.png,67.66220092773438,61.66497802734375,33.313201904296875,41.36054992675781,1
done_ab2014-10-15-21_0_1_averaged_514_frame3.png,-1.0,-1.0,-1.0,-1.0,0
done_ab2014-10-15-21_1_1_averaged_516_frame4.png,88.1666488647461,170.1293182373047,24.960290908813477,30.04967498779297,1
done_ab2014-10-15-22_0_0_averaged_53_frame4.png,48.40554428100586,85.08607482910156,28.200925827026367,34.99652099609375,1
done_ab2014-10-15-22_1_0_averaged_55_frame2.png,-1.0,-1.0,-1.0,-1.0,0
done_ab2014-10-15-3_0_0_averaged_309_frame4.png,-1.0,-1.0,-1.0,-1.0,0
done_ab2014-10-15-3_1_0_averaged_311_frame0.png,-1.0,-1.0,-1.0,-1.0,0
done_ab2014-10-15-3_1_0_averaged_311_frame3.png,-1.0,-1.0,-1.0,-1.0,0
done_ab2014-10-29-10_1_0_averaged_103_frame3.png,91.57545471191406,108.76730346679688,31.294052124023438,39.36725616455078,1
done_ab2014-10-29-10_1_0_averaged_103_frame4.png,77.53064727783203,76.41175079345703,34.39572525024414,43.1955680847168,1
done_ab2014-10-29-12_1_1_averaged_264_frame2.png,35.125160217285156,86.58293151855469,30.623693466186523,38.81791305541992,1
done_ab2014-10-29-13_0_0_averaged_633_frame1.png,18.133853912353516,177.9462127685547,18.759061813354492,21.108091354370117,1
done_ab2014-10-29-13_1_0_averaged_635_frame0.png,5.357982635498047,39.63600540161133,17.89383888244629,23.959882736206055,1
done_ab2014-10-29-16_0_1_averaged_530_frame3.png,-1.0,-1.0,-1.0,-1.0,0
done_ab2014-10-29-16_0_1_averaged_530_frame4.png,-1.0,-1.0,-1.0,-1.0,0
done_ab2014-10-29-16_1_1_averaged_532_frame0.png,44.654624938964844,171.6463623046875,26.58783531188965,32.64583969116211,1
done_ab2014-10-29-16_1_1_averaged_532_frame2.png,-1.0,-1.0,-1.0,-1.0,0
done_ab2014-10-29-18_0_0_averaged_481_frame1.png,25.31900978088379,57.12053680419922,24.27785873413086,28.863582611083984,1
done_ab2014-10-29-18_1_0_averaged_483_frame1.png,-1.0,-1.0,-1.0,-1.0,0
done_ab2014-10-29-18_1_0_averaged_483_frame3.png,-1.0,-1.0,-1.0,-1.0,0
done_ab2014-10-29-1_0_0_averaged_657_frame0.png,-1.0,-1.0,-1.0,-1.0,0
done_ab2014-10-29-1_0_0_averaged_657_frame2.png,19.912588119506836,137.13417053222656,21.51713752746582,24.964744567871094,1
done_ab2014-10-29-1_0_0_averaged_657_frame3.png,-1.0,-1.0,-1.0,-1.0,0
done_ab2014-10-29-1_1_0_averaged_659_frame3.png,42.277469635009766,136.89068603515625,23.59088706970215,28.461915969848633,1
done_ab2014-10-29-21_0_0_averaged_369_frame4.png,7.659274578094482,46.155189514160156,19.822200775146484,25.642112731933594,1
done_ab2014-10-29-21_1_0_averaged_371_frame2.png,40.00798416137695,133.28172302246094,27.755308151245117,33.18928146362305,1
done_ab2014-10-29-21_1_0_averaged_371_frame3.png,35.151241302490234,226.1311492919922,24.59869956970215,26.103649139404297,1
done_ab2014-10-29-21_1_0_averaged_371_frame4.png,-1.0,-1.0,-1.0,-1.0,0
done_ab2014-10-29-24_0_0_averaged_285_frame4.png,104.91898345947266,120.74771881103516,34.6932487487793,43.24153518676758,1
done_ab2014-10-29-2_1_1_averaged_684_frame3.png,77.24866485595703,84.95979309082031,26.2150821685791,32.03956985473633,1
done_ab2014-10-29-30_1_0_averaged_195_frame1.png,-1.0,-1.0,-1.0,-1.0,0
done_ab2014-10-29-31_0_0_averaged_425_frame0.png,37.88449478149414,59.65680694580078,32.16563415527344,43.0302848815918,1
done_ab2014-10-29-33_0_0_averaged_441_frame4.png,-1.0,-1.0,-1.0,-1.0,0
done_ab2014-10-29-35_0_0_averaged_553_frame1.png,55.43716812133789,185.30612182617188,26.684791564941406,31.02366065979004,1
done_ab2014-10-29-3_0_1_averaged_410_frame0.png,-1.0,-1.0,-1.0,-1.0,0
done_ab2014-10-29-3_0_1_averaged_410_frame1.png,-1.0,-1.0,-1.0,-1.0,0
done_ab2014-10-29-3_0_1_averaged_410_frame4.png,-1.0,-1.0,-1.0,-1.0,0
done_ab2014-10-29-6_0_0_averaged_209_frame3.png,91.15827178955078,123.50680541992188,27.304752349853516,33.14731979370117,1
done_ab2014-10-29-8_0_0_averaged_561_frame1.png,74.17354583740234,186.51576232910156,25.48257064819336,30.191158294677734,1
done_ab2014-10-29-9_0_1_averaged_22_frame1.png,35.73548126220703,83.98823547363281,29.36750602722168,36.99190902709961,1
done_ab2014-10-29-9_1_1_averaged_24_frame1.png,-1.0,-1.0,-1.0,-1.0,0
done_ab2015-02-12-12_1_0_averaged_355_frame4.png,-1.0,-1.0,-1.0,-1.0,0
done_ab2015-02-12-15_1_1_averaged_500_frame2.png,-1.0,-1.0,-1.0,-1.0,0
done_ab2015-02-12-1_0_0_averaged_393_frame2.png,-1.0,-1.0,-1.0,-1.0,0
done_ab2015-02-12-25_1_0_averaged_335_frame0.png,6.283356666564941,55.860233306884766,23.423128128051758,29.520736694335938,1
done_ab2015-02-12-25_3_0_averaged_339_frame0.png,-1.0,-1.0,-1.0,-1.0,0
done_ab2015-02-12-25_3_0_averaged_339_frame2.png,-1.0,-1.0,-1.0,-1.0,0
done_ab2015-02-12-27_0_0_averaged_29_frame2.png,-1.0,-1.0,-1.0,-1.0,0
done_ab2015-02-12-29_0_1_averaged_278_frame2.png,11.360906600952148,105.39289855957031,24.152238845825195,30.915658950805664,1
done_ab2015-02-12-29_1_1_averaged_280_frame4.png,36.77383804321289,79.17214965820312,31.203296661376953,39.16182327270508,1
done_ab2015-02-12-4_0_0_averaged_521_frame2.png,-1.0,-1.0,-1.0,-1.0,0
done_ab2015-02-12-4_1_0_averaged_523_frame0.png,27.36460304260254,71.70303344726562,15.765613555908203,18.087993621826172,1
done_ab2015-02-12-4_1_0_averaged_523_frame3.png,-1.0,-1.0,-1.0,-1.0,0
done_ab2015-02-12-5_0_0_averaged_129_frame1.png,-1.0,-1.0,-1.0,-1.0,0
done_ab2015-02-12-5_0_0_averaged_129_frame3.png,-1.0,-1.0,-1.0,-1.0,0
done_ab2015-02-12-5_1_0_averaged_131_frame4.png,-1.0,-1.0,-1.0,-1.0,0
done_ab2015-02-12-9_0_1_averaged_218_frame1.png,-1.0,-1.0,-1.0,-1.0,0
done_ab2015-02-23-20_1_0_averaged_507_frame4.png,-1.0,-1.0,-1.0,-1.0,0
done_ab2015-02-23-2_0_1_averaged_78_frame0.png,-1.0,-1.0,-1.0,-1.0,0
done_ab2015-02-23-2_3_1_averaged_84_frame0.png,-1.0,-1.0,-1.0,-1.0,0
done_ab2015-02-23-3_0_0_averaged_377_frame4.png,41.52236557006836,31.491342544555664,28.96095085144043,36.92459487915039,1
done_ab2015-02-23-5_0_1_averaged_418_frame2.png,16.809743881225586,162.13381958007812,24.24730682373047,31.435901641845703,1
done_ab2015-02-23-5_1_1_averaged_420_frame2.png,52.26541519165039,105.92169189453125,27.502653121948242,33.171958923339844,1
done_ab2015-05-28-3_0_0_averaged_93_frame2.png,-1.0,-1.0,-1.0,-1.0,0
done_ab2015-05-28-3_1_0_averaged_95_frame0.png,16.281391143798828,50.35845184326172,22.674528121948242,28.85663414001465,1
done_ab2015-05-28-3_1_0_averaged_95_frame3.png,38.335330963134766,150.6802978515625,26.352846145629883,30.923919677734375,1
done_ab2015-05-29-10_1_1_averaged_364_frame0.png,-1.0,-1.0,-1.0,-1.0,0
done_ab2015-05-29-12_1_1_averaged_180_frame0.png,40.02238845825195,173.35516357421875,21.07417869567871,22.710107803344727,1
done_ab2015-05-29-13_0_1_averaged_114_frame0.png,-1.0,-1.0,-1.0,-1.0,0
done_ab2015-05-29-13_1_1_averaged_116_frame0.png,-1.0,-1.0,-1.0,-1.0,0
done_ab2015-05-29-13_1_1_averaged_116_frame1.png,38.26993179321289,156.68328857421875,30.9816951751709,39.54481506347656,1
done_ab2015-05-29-13_1_1_averaged_116_frame3.png,40.1529426574707,88.32456970214844,29.659223556518555,36.841190338134766,1
done_ab2015-05-29-13_1_1_averaged_116_frame4.png,42.19829177856445,156.29977416992188,23.09089469909668,27.701759338378906,1
done_ab2015-05-29-14_0_1_averaged_162_frame1.png,17.916851043701172,113.64445495605469,25.058914184570312,32.78489303588867,1
done_ab2015-05-29-15_0_1_averaged_226_frame4.png,-1.0,-1.0,-1.0,-1.0,0
done_ab2015-05-29-16_0_0_averaged_401_frame2.png,80.02045440673828,153.02914428710938,25.24306869506836,28.615131378173828,1
done_ab2015-05-29-16_0_0_averaged_401_frame3.png,-1.0,-1.0,-1.0,-1.0,0
done_ab2015-05-29-16_1_0_averaged_403_frame2.png,32.00980758666992,140.40574645996094,28.097009658813477,36.74699783325195,1
done_ab2015-05-29-19_0_1_averaged_586_frame4.png,48.05183029174805,141.08517456054688,21.92860984802246,25.03403091430664,1
done_ab2015-05-29-19_1_1_averaged_588_frame4.png,51.733055114746094,117.1251449584961,28.738378524780273,34.68584442138672,1
done_ab2015-05-29-23_1_1_averaged_644_frame1.png,-1.0,-1.0,-1.0,-1.0,0
done_ab2015-05-29-27_1_1_averaged_48_frame3.png,42.0364875793457,70.74974060058594,27.24445343017578,32.8155403137207,1
done_ab2015-05-29-29_1_0_averaged_707_frame4.png,-1.0,-1.0,-1.0,-1.0,0
done_ab2015-05-29-29_2_0_averaged_709_frame0.png,-1.0,-1.0,-1.0,-1.0,0
done_ab2015-05-29-2_1_0_averaged_475_frame0.png,-1.0,-1.0,-1.0,-1.0,0
done_ab2015-05-29-2_1_0_averaged_475_frame2.png,66.01001739501953,37.41816329956055,33.19309616088867,41.70156478881836,1
done_ab2015-05-29-33_1_1_averaged_296_frame4.png,47.34403610229492,115.65481567382812,29.63142967224121,35.9087028503418,1
done_ab2015-05-29-35_0_0_averaged_449_frame0.png,-1.0,-1.0,-1.0,-1.0,0
done_ab2015-05-29-35_0_0_averaged_449_frame1.png,-1.0,-1.0,-1.0,-1.0,0
done_ab2015-05-29-35_0_0_averaged_449_frame3.png,21.096952438354492,202.89047241210938,23.50322151184082,27.851354598999023,1
done_ab2015-05-29-35_0_0_averaged_449_frame4.png,-1.0,-1.0,-1.0,-1.0,0
done_ab2015-05-29-35_1_0_averaged_451_frame2.png,15.115311622619629,164.56771850585938,26.908782958984375,34.36273193359375,1
done_ab2015-05-29-41_1_0_averaged_235_frame2.png,20.3052921295166,109.6415786743164,20.27814292907715,23.782625198364258,1
done_ab2015-05-29-41_1_0_averaged_235_frame4.png,-1.0,-1.0,-1.0,-1.0,0
done_ab2015-05-29-46_0_0_averaged_577_frame1.png,32.33808517456055,131.632568359375,25.147747039794922,29.36492919921875,1
done_ab2015-05-29-46_1_0_averaged_579_frame2.png,-1.0,-1.0,-1.0,-1.0,0
done_ab2015-05-29-46_3_0_averaged_583_frame2.png,-1.0,-1.0,-1.0,-1.0,0
done_ab2015-05-29-55_0_1_averaged_458_frame0.png,43.58367919921875,52.86777114868164,32.33042907714844,40.8889274597168,1
done_ab2015-05-29-55_0_1_averaged_458_frame3.png,-1.0,-1.0,-1.0,-1.0,0
done_ab2015-05-29-55_2_1_averaged_462_frame0.png,-1.0,-1.0,-1.0,-1.0,0
done_ab2015-05-29-58_0_0_averaged_489_frame0.png,25.75843620300293,72.8954849243164,24.190847396850586,28.076732635498047,1
done_ab2015-05-29-58_1_0_averaged_491_frame3.png,-1.0,-1.0,-1.0,-1.0,0
done_ab2015-05-29-59_0_0_averaged_341_frame0.png,108.71924591064453,162.68460083007812,25.090267181396484,30.979816436767578,1
done_ab2015-05-29-59_1_0_averaged_343_frame1.png,-1.0,-1.0,-1.0,-1.0,0
done_ab2015-05-29-59_1_0_averaged_343_frame3.png,-1.0,-1.0,-1.0,-1.0,0
done_ab2015-05-29-5_0_1_averaged_538_frame0.png,-1.0,-1.0,-1.0,-1.0,0
done_ab2015-05-29-5_1_1_averaged_540_frame1.png,60.33320236206055,188.98880004882812,21.70179557800293,23.744178771972656,1
done_ab2015-05-29-5_1_1_averaged_540_frame3.png,39.391563415527344,142.364501953125,28.530534744262695,37.32546615600586,1
done_ab2015-05-29-6_0_0_averaged_121_frame2.png,62.652103424072266,169.77508544921875,22.922422409057617,27.380390167236328,1
done_ab2015-05-29-6_0_0_averaged_121_frame3.png,-1.0,-1.0,-1.0,-1.0,0
done_ab2015-05-29-6_1_0_averaged_123_frame4.png,80.11272430419922,92.68084716796875,30.92889404296875,38.493709564208984,1
done_ab2015-05-29-7_0_1_averaged_650_frame0.png,86.35105895996094,58.55949783325195,29.318269729614258,36.41208267211914,1
done_ab2015-07-28-11_0_0_averaged_69_frame0.png,17.281063079833984,62.3075065612793,25.798870086669922,32.8569450378418,1
done_ab2015-07-28-11_1_0_averaged_71_frame1.png,16.460956573486328,37.91533660888672,22.760683059692383,29.924440383911133,1
done_ab2015-07-28-13_0_1_averaged_594_frame3.png,-1.0,-1.0,-1.0,-1.0,0
done_ab2015-07-28-14_0_1_averaged_154_frame0.png,34.9849739074707,69.36872863769531,36.50563049316406,47.62721633911133,1
done_ab2015-07-28-14_0_1_averaged_154_frame1.png,47.538265228271484,146.6678466796875,34.124813079833984,41.447086334228516,1
done_ab2015-07-28-14_0_1_averaged_154_frame4.png,40.393184661865234,159.14654541015625,30.752275466918945,37.14678192138672,1
done_ab2015-07-28-14_1_1_averaged_156_frame0.png,127.7149429321289,186.65744018554688,35.298179626464844,42.77738952636719,1
done_ab2015-07-28-18_1_0_averaged_611_frame1.png,60.31583023071289,153.8907470703125,33.01221466064453,40.090755462646484,1
done_ab2015-07-28-23_1_1_averaged_700_frame0.png,90.25933074951172,163.41123962402344,35.677589416503906,42.39504623413086,1
done_ab2015-07-28-23_1_1_averaged_700_frame2.png,146.40908813476562,195.86215209960938,34.955318450927734,41.698787689208984,1
done_ab2015-07-28-25_0_0_averaged_545_frame2.png,-1.0,-1.0,-1.0,-1.0,0
done_ab2015-07-28-25_0_0_averaged_545_frame4.png,155.12794494628906,113.26346588134766,40.871028900146484,48.302284240722656,1
done_ab2015-07-28-25_1_0_averaged_547_frame2.png,154.9307098388672,152.02163696289062,40.72243118286133,48.66792678833008,1
done_ab2015-07-28-30_1_1_averaged_328_frame2.png,20.09779167175293,80.9172134399414,34.6945686340332,44.79044723510742,1
done_ab2015-07-28-31_0_0_averaged_169_frame0.png,-1.0,-1.0,-1.0,-1.0,0
done_ab2015-07-28-31_1_0_averaged_171_frame2.png,88.18048858642578,86.91221618652344,40.67197036743164,49.117862701416016,1
done_ab2015-07-29-15_1_1_averaged_140_frame2.png,49.745704650878906,134.9269256591797,31.432397842407227,37.20265197753906,1
done_ab2015-07-29-15_1_1_averaged_140_frame3.png,-1.0,-1.0,-1.0,-1.0,0
done_ab2015-07-29-16_1_0_averaged_675_frame4.png,-1.0,-1.0,-1.0,-1.0,0
done_ab2015-07-29-42_0_1_averaged_318_frame3.png,112.7217788696289,132.60025024414062,35.34070587158203,42.06491470336914,1
done_ab2015-07-29-42_1_1_averaged_320_frame0.png,39.57758331298828,208.5040740966797,22.11035919189453,23.651592254638672,1
neg_Bacillus_lysate_aba2013-09-05-19_0_0_averaged_13_frame3.png,-1.0,-1.0,-1.0,-1.0,0
neg_Bacillus_lysate_aba2013-09-05-21_0_0_averaged_12_frame0.png,-1.0,-1.0,-1.0,-1.0,0
neg_Bacillus_lysate_aba2013-09-05-21_0_0_averaged_12_frame3.png,-1.0,-1.0,-1.0,-1.0,0
neg_Bacillus_lysate_aba2013-09-05-21_0_0_averaged_12_frame4.png,-1.0,-1.0,-1.0,-1.0,0
neg_Bacillus_lysate_aba2013-09-05-22_0_0_averaged_14_frame3.png,-1.0,-1.0,-1.0,-1.0,0
neg_Bacillus_lysate_aba2013-09-05-24_0_0_averaged_17_frame2.png,-1.0,-1.0,-1.0,-1.0,0
neg_Bacillus_lysate_aba2013-09-05-28_0_0_averaged_7_frame0.png,-1.0,-1.0,-1.0,-1.0,0
neg_Bacillus_lysate_aba2013-09-05-2_0_0_averaged_19_frame4.png,-1.0,-1.0,-1.0,-1.0,0
neg_Bacillus_lysate_aba2013-09-05-3_0_0_averaged_2_frame2.png,-1.0,-1.0,-1.0,-1.0,0
neg_Bacillus_lysate_aba2013-09-05-4_0_0_averaged_18_frame2.png,-1.0,-1.0,-1.0,-1.0,0
neg_Bacillus_lysate_aba2013-09-05-5_0_0_averaged_10_frame1.png,-1.0,-1.0,-1.0,-1.0,0
neg_Bacillus_subtilis_mba2010-08-30-1_0_0_averaged_1_frame3.png,-1.0,-1.0,-1.0,-1.0,0
neg_done_ab2014-010-14-11_0_0_averaged_201_frame0.png,-1.0,-1.0,-1.0,-1.0,0
neg_done_ab2014-010-14-11_0_0_averaged_201_frame3.png,158.2679901123047,54.556793212890625,47.53611373901367,61.687503814697266,1
neg_done_ab2014-010-14-14_0_0_averaged_569_frame2.png,39.87345886230469,207.18698120117188,24.884695053100586,24.3456974029541,1
neg_done_ab2014-010-14-14_1_0_averaged_571_frame2.png,-1.0,-1.0,-1.0,-1.0,0
neg_done_ab2014-010-14-14_1_0_averaged_571_frame3.png,-1.0,-1.0,-1.0,-1.0,0
neg_done_ab2014-010-14-14_2_0_averaged_573_frame1.png,-1.0,-1.0,-1.0,-1.0,0
neg_done_ab2014-010-14-19_0_0_averaged_689_frame4.png,-1.0,-1.0,-1.0,-1.0,0
neg_done_ab2014-010-14-19_2_0_averaged_693_frame2.png,-1.0,-1.0,-1.0,-1.0,0
neg_done_ab2014-010-14-19_2_0_averaged_693_frame3.png,-1.0,-1.0,-1.0,-1.0,0
neg_done_ab2014-010-14-19_3_0_averaged_695_frame1.png,-1.0,-1.0,-1.0,-1.0,0
neg_done_ab2014-010-14-19_3_0_averaged_695_frame3.png,-1.0,-1.0,-1.0,-1.0,0
neg_done_ab2014-010-14-1_0_1_averaged_626_frame0.png,-1.0,-1.0,-1.0,-1.0,0
neg_done_ab2014-010-14-1_1_1_averaged_628_frame4.png,-1.0,-1.0,-1.0,-1.0,0
neg_done_ab2014-010-14-1_2_1_averaged_630_frame3.png,79.3560562133789,148.80294799804688,34.46328353881836,40.80120849609375,1
neg_done_ab2014-010-14-1_3_1_averaged_632_frame3.png,-1.0,-1.0,-1.0,-1.0,0
neg_done_ab2014-010-14-1_3_1_averaged_632_frame4.png,-1.0,-1.0,-1.0,-1.0,0
neg_done_ab2014-010-14-20_0_1_averaged_86_frame0.png,68.87128448486328,206.2946319580078,36.953433990478516,48.148983001708984,1
neg_done_ab2014-010-14-20_1_1_averaged_88_frame2.png,54.74782943725586,107.11418151855469,32.2491340637207,39.02869415283203,1
neg_done_ab2014-010-14-22_3_1_averaged_624_frame4.png,-1.0,-1.0,-1.0,-1.0,0
neg_done_ab2014-010-14-26_2_0_averaged_273_frame1.png,-1.0,-1.0,-1.0,-1.0,0
neg_done_ab2014-010-14-26_2_0_averaged_273_frame2.png,-1.0,-1.0,-1.0,-1.0,0
neg_done_ab2014-010-14-6_0_1_averaged_602_frame2.png,49.062374114990234,76.2640151977539,30.625835418701172,36.675846099853516,1
neg_done_ab2014-010-14-6_1_1_averaged_604_frame0.png,100.26703643798828,118.68788146972656,37.245277404785156,43.43333053588867,1
neg_done_ab2014-010-14-6_1_1_averaged_604_frame2.png,44.205020904541016,79.48394775390625,31.84971809387207,39.80841064453125,1
neg_done_ab2014-010-14-6_3_1_averaged_608_frame2.png,-1.0,-1.0,-1.0,-1.0,0
neg_done_ab2014-010-14-8_0_1_averaged_186_frame3.png,105.08464813232422,88.62693786621094,40.24141311645508,49.87544250488281,1
neg_done_ab2014-010-14-8_1_1_averaged_188_frame2.png,-1.0,-1.0,-1.0,-1.0,0
neg_done_ab2014-010-14-8_1_1_averaged_188_frame4.png,25.074359893798828,108.33037567138672,24.184144973754883,28.78289222717285,1
neg_done_ab2014-010-14-8_2_1_averaged_190_frame1.png,-1.0,-1.0,-1.0,-1.0,0
neg_done_ab2014-010-14-8_2_1_averaged_190_frame4.png,-1.0,-1.0,-1.0,-1.0,0
neg_done_ab2014-10-15-13_0_0_averaged_241_frame2.png,-1.0,-1.0,-1.0,-1.0,0
neg_done_ab2014-10-15-13_2_0_averaged_245_frame1.png,-1.0,-1.0,-1.0,-1.0,0
neg_done_ab2014-10-15-14_1_1_averaged_304_frame3.png,-1.0,-1.0,-1.0,-1.0,0
neg_done_ab2014-10-15-15_1_0_averaged_63_frame0.png,-1.0,-1.0,-1.0,-1.0,0
neg_done_ab2014-10-15-21_2_1_averaged_518_frame0.png,-1.0,-1.0,-1.0,-1.0,0
neg_done_ab2014-10-15-21_2_1_averaged_518_frame3.png,49.77721405029297,88.90533447265625,37.653770446777344,48.93473815917969,1
neg_done_ab2014-10-15-21_3_1_averaged_520_frame1.png,68.04126739501953,213.93353271484375,25.119592666625977,23.69784164428711,1
neg_done_ab2014-10-15-21_3_1_averaged_520_frame3.png,-1.0,-1.0,-1.0,-1.0,0
neg_done_ab2014-10-15-22_1_0_averaged_55_frame1.png,-1.0,-1.0,-1.0,-1.0,0
neg_done_ab2014-10-15-22_1_0_averaged_55_frame2.png,-1.0,-1.0,-1.0,-1.0,0
neg_done_ab2014-10-15-22_2_0_averaged_57_frame4.png,-1.0,-1.0,-1.0,-1.0,0
neg_done_ab2014-10-15-22_3_0_averaged_59_frame1.png,-1.0,-1.0,-1.0,-1.0,0
neg_done_ab2014-10-15-3_0_0_averaged_309_frame4.png,29.109243392944336,68.8454818725586,33.28610610961914,42.34222412109375,1
neg_done_ab2014-10-15-3_2_0_averaged_313_frame0.png,93.39175415039062,51.410400390625,33.81772994995117,42.06132507324219,1
neg_done_ab2014-10-15-3_2_0_averaged_313_frame2.png,-1.0,-1.0,-1.0,-1.0,0
neg_done_ab2014-10-15-7_1_0_averaged_467_frame1.png,-1.0,-1.0,-1.0,-1.0,0
neg_done_ab2014-10-15-7_2_0_averaged_469_frame4.png,85.17913055419922,44.59716033935547,38.73756790161133,48.516971588134766,1
neg_done_ab2014-10-29-10_0_0_averaged_101_frame4.png,147.5104217529297,233.8553466796875,35.06851577758789,38.11561584472656,1
neg_done_ab2014-10-29-10_3_0_averaged_107_frame0.png,-1.0,-1.0,-1.0,-1.0,0
neg_done_ab2014-10-29-12_2_1_averaged_266_frame1.png,86.37437438964844,173.19219970703125,41.6559944152832,54.83713912963867,1
neg_done_ab2014-10-29-12_3_1_averaged_268_frame1.png,-1.0,-1.0,-1.0,-1.0,0
neg_done_ab2014-10-29-12_3_1_averaged_268_frame4.png,-1.0,-1.0,-1.0,-1.0,0
neg_done_ab2014-10-29-13_1_0_averaged_635_frame0.png,-1.0,-1.0,-1.0,-1.0,0
neg_done_ab2014-10-29-13_2_0_averaged_637_frame4.png,-1.0,-1.0,-1.0,-1.0,0
neg_done_ab2014-10-29-16_1_1_averaged_532_frame1.png,-1.0,-1.0,-1.0,-1.0,0
neg_done_ab2014-10-29-16_2_1_averaged_534_frame3.png,74.70116424560547,103.11576843261719,32.83925247192383,39.57503890991211,1
neg_done_ab2014-10-29-16_3_1_averaged_536_frame3.png,168.29647827148438,40.87016296386719,41.49205017089844,53.20954513549805,1
neg_done_ab2014-10-29-1_2_0_averaged_661_frame0.png,147.3015899658203,75.82577514648438,35.33427810668945,43.41531753540039,1
neg_done_ab2014-10-29-20_0_0_averaged_37_frame0.png,-1.0,-1.0,-1.0,-1.0,0
neg_done_ab2014-10-29-20_0_0_averaged_37_frame1.png,80.53370666503906,225.3467254638672,32.224300384521484,34.7406120300293,1
neg_done_ab2014-10-29-20_1_0_averaged_39_frame3.png,-1.0,-1.0,-1.0,-1.0,0
neg_done_ab2014-10-29-20_3_0_averaged_43_frame4.png,-1.0,-1.0,-1.0,-1.0,0
neg_done_ab2014-10-29-23_0_1_averaged_666_frame3.png,-1.0,-1.0,-1.0,-1.0,0
neg_done_ab2014-10-29-23_1_1_averaged_668_frame1.png,-1.0,-1.0,-1.0,-1.0,0
neg_done_ab2014-10-29-23_1_1_averaged_668_frame2.png,-1.0,-1.0,-1.0,-1.0,0
neg_done_ab2014-10-29-24_0_0_averaged_285_frame3.png,-1.0,-1.0,-1.0,-1.0,0
neg_done_ab2014-10-29-24_0_0_averaged_285_frame4.png,-1.0,-1.0,-1.0,-1.0,0
neg_done_ab2014-10-29-24_1_0_averaged_287_frame1.png,-1.0,-1.0,-1.0,-1.0,0
neg_done_ab2014-10-29-2_0_1_averaged_682_frame3.png,-1.0,-1.0,-1.0,-1.0,0
neg_done_ab2014-10-29-2_0_1_averaged_682_frame4.png,13.048360824584961,125.12032318115234,22.505826950073242,26.383228302001953,1
neg_done_ab2014-10-29-2_2_1_averaged_686_frame0.png,-1.0,-1.0,-1.0,-1.0,0
neg_done_ab2014-10-29-2_3_1_averaged_688_frame4.png,-1.0,-1.0,-1.0,-1.0,0
neg_done_ab2014-10-29-30_0_0_averaged_193_frame1.png,-1.0,-1.0,-1.0,-1.0,0
neg_done_ab2014-10-29-30_1_0_averaged_195_frame3.png,-1.0,-1.0,-1.0,-1.0,0
neg_done_ab2014-10-29-30_2_0_averaged_197_frame4.png,54.111305236816406,190.839599609375,36.53993225097656,45.08114242553711,1
neg_done_ab2014-10-29-31_1_0_averaged_427_frame2.png,-1.0,-1.0,-1.0,-1.0,0
neg_done_ab2014-10-29-31_2_0_averaged_429_frame1.png,-1.0,-1.0,-1.0,-1.0,0
neg_done_ab2014-10-29-33_1_0_averaged_443_frame2.png,-1.0,-1.0,-1.0,-1.0,0
neg_done_ab2014-10-29-33_3_0_averaged_447_frame0.png,166.82052612304688,83.38638305664062,40.020877838134766,51.90238571166992,1
neg_done_ab2014-10-29-34_1_1_averaged_148_frame4.png,-1.0,-1.0,-1.0,-1.0,0
neg_done_ab2014-10-29-34_3_1_averaged_152_frame0.png,-1.0,-1.0,-1.0,-1.0,0
neg_done_ab2014-10-29-35_0_0_averaged_553_frame3.png,-1.0,-1.0,-1.0,-1.0,0
neg_done_ab2014-10-29-35_3_0_averaged_559_frame3.png,-1.0,-1.0,-1.0,-1.0,0
neg_done_ab2014-10-29-3_3_1_averaged_416_frame3.png,35.660011291503906,211.8096160888672,34.11063766479492,43.04104232788086,1
neg_done_ab2014-10-29-6_0_0_averaged_209_frame3.png,75.81192016601562,85.72979736328125,35.05931854248047,44.81410598754883,1
neg_done_ab2014-10-29-6_2_0_averaged_213_frame1.png,-1.0,-1.0,-1.0,-1.0,0
neg_done_ab2014-10-29-6_3_0_averaged_215_frame0.png,-1.0,-1.0,-1.0,-1.0,0
neg_done_ab2014-10-29-8_3_0_averaged_567_frame3.png,68.30073547363281,61.155845642089844,35.55760955810547,42.86629867553711,1
neg_done_ab2014-10-29-8_3_0_averaged_567_frame4.png,-1.0,-1.0,-1.0,-1.0,0
neg_done_ab2014-10-29-9_0_1_averaged_22_frame2.png,67.18094635009766,60.683990478515625,41.3069953918457,53.70232009887695,1
neg_done_ab2015-02-12-12_0_0_averaged_353_frame1.png,86.69768524169922,69.58526611328125,38.0723991394043,48.2928581237793,1
neg_done_ab2015-02-12-12_1_0_averaged_355_frame2.png,-1.0,-1.0,-1.0,-1.0,0
neg_done_ab2015-02-12-12_1_0_averaged_355_frame4.png,-1.0,-1.0,-1.0,-1.0,0
neg_done_ab2015-02-12-12_2_0_averaged_357_frame0.png,35.55165481567383,187.60125732421875,30.894594192504883,37.98934555053711,1
neg_done_ab2015-02-12-12_3_0_averaged_359_frame0.png,-1.0,-1.0,-1.0,-1.0,0
neg_done_ab2015-02-12-12_3_0_averaged_359_frame2.png,-1.0,-1.0,-1.0,-1.0,0
neg_done_ab2015-02-12-15_0_1_averaged_498_frame0.png,39.11137008666992,70.54017639160156,32.57443618774414,41.34700393676758,1
neg_done_ab2015-02-12-15_1_1_averaged_500_frame4.png,-1.0,-1.0,-1.0,-1.0,0
neg_done_ab2015-02-12-1_1_0_averaged_395_frame1.png,19.229419708251953,108.94011688232422,35.422340393066406,45.042293548583984,1
neg_done_ab2015-02-12-25_0_0_averaged_333_frame1.png,-1.0,-1.0,-1.0,-1.0,0
neg_done_ab2015-02-12-25_2_0_averaged_337_frame3.png,-1.0,-1.0,-1.0,-1.0,0
neg_done_ab2015-02-12-25_3_0_averaged_339_frame0.png,-1.0,-1.0,-1.0,-1.0,0
neg_done_ab2015-02-12-25_3_0_averaged_339_frame1.png,-1.0,-1.0,-1.0,-1.0,0
neg_done_ab2015-02-12-27_2_0_averaged_33_frame0.png,63.227333068847656,93.46537017822266,38.41350173950195,49.805294036865234,1
neg_done_ab2015-02-12-27_2_0_averaged_33_frame1.png,-1.0,-1.0,-1.0,-1.0,0
neg_done_ab2015-02-12-29_1_1_averaged_280_frame1.png,-1.0,-1.0,-1.0,-1.0,0
neg_done_ab2015-02-12-29_1_1_averaged_280_frame4.png,-1.0,-1.0,-1.0,-1.0,0
neg_done_ab2015-02-12-4_0_0_averaged_521_frame4.png,-1.0,-1.0,-1.0,-1.0,0
neg_done_ab2015-02-12-4_2_0_averaged_525_frame2.png,-1.0,-1.0,-1.0,-1.0,0
neg_done_ab2015-02-12-5_0_0_averaged_129_frame1.png,-1.0,-1.0,-1.0,-1.0,0
neg_done_ab2015-02-12-9_3_1_averaged_224_frame0.png,30.30632781982422,209.08059692382812,24.472078323364258,23.68008804321289,1
neg_done_ab2015-02-23-20_0_0_averaged_505_frame3.png,-1.0,-1.0,-1.0,-1.0,0
neg_done_ab2015-02-23-20_1_0_averaged_507_frame3.png,-1.0,-1.0,-1.0,-1.0,0
neg_done_ab2015-02-23-2_1_1_averaged_80_frame2.png,-1.0,-1.0,-1.0,-1.0,0
neg_done_ab2015-02-23-2_2_1_averaged_82_frame3.png,-1.0,-1.0,-1.0,-1.0,0
neg_done_ab2015-02-23-2_3_1_averaged_84_frame2.png,106.36312866210938,93.62470245361328,37.286128997802734,45.60578536987305,1
neg_done_ab2015-02-23-3_3_0_averaged_383_frame2.png,30.971750259399414,217.460693359375,23.657854080200195,21.67708969116211,1
neg_done_ab2015-02-23-5_3_1_averaged_424_frame4.png,39.25759506225586,154.63455200195312,35.98919677734375,44.22641372680664,1
neg_done_ab2015-05-28-3_1_0_averaged_95_frame2.png,116.88306427001953,169.1195068359375,35.26811599731445,43.24193572998047,1
neg_done_ab2015-05-28-3_3_0_averaged_99_frame3.png,40.64159393310547,44.39447021484375,37.06349182128906,47.22490692138672,1
neg_done_ab2015-05-28-3_3_0_averaged_99_frame4.png,-1.0,-1.0,-1.0,-1.0,0
neg_done_ab2015-05-29-10_3_1_averaged_368_frame2.png,-1.0,-1.0,-1.0,-1.0,0
neg_done_ab2015-05-29-10_3_1_averaged_368_frame3.png,-1.0,-1.0,-1.0,-1.0,0
neg_done_ab2015-05-29-12_3_1_averaged_184_frame2.png,113.20957946777344,162.64517211914062,43.654354095458984,57.92170333862305,1
neg_done_ab2015-05-29-13_2_1_averaged_118_frame3.png,59.04673767089844,182.30987548828125,36.72898483276367,45.39520263671875,1
neg_done_ab2015-05-29-13_2_1_averaged_118_frame4.png,74.67565155029297,115.76776123046875,37.219303131103516,45.68140411376953,1
neg_done_ab2015-05-29-14_1_1_averaged_164_frame0.png,-1.0,-1.0,-1.0,-1.0,0
neg_done_ab2015-05-29-14_1_1_averaged_164_frame1.png,-1.0,-1.0,-1.0,-1.0,0
neg_done_ab2015-05-29-14_2_1_averaged_166_frame2.png,-1.0,-1.0,-1.0,-1.0,0
neg_done_ab2015-05-29-15_2_1_averaged_230_frame0.png,123.29708862304688,56.65245819091797,42.9913215637207,55.422340393066406,1
neg_done_ab2015-05-29-16_0_0_averaged_401_frame3.png,-1.0,-1.0,-1.0,-1.0,0
neg_done_ab2015-05-29-16_1_0_averaged_403_frame1.png,81.18798828125,135.595703125,36.25027847290039,45.817935943603516,1
neg_done_ab2015-05-29-16_2_0_averaged_405_frame3.png,69.9657211303711,140.8646697998047,36.091522216796875,46.237056732177734,1
neg_done_ab2015-05-29-16_3_0_averaged_407_frame0.png,-1.0,-1.0,-1.0,-1.0,0
neg_done_ab2015-05-29-18_0_0_averaged_433_frame0.png,27.88594627380371,55.980464935302734,22.713523864746094,28.829288482666016,1
neg_done_ab2015-05-29-18_1_0_averaged_435_frame2.png,-1.0,-1.0,-1.0,-1.0,0
neg_done_ab2015-05-29-18_2_0_averaged_437_frame3.png,-1.0,-1.0,-1.0,-1.0,0
neg_done_ab2015-05-29-19_0_1_averaged_586_frame0.png,-1.0,-1.0,-1.0,-1.0,0
neg_done_ab2015-05-29-19_1_1_averaged_588_frame0.png,-1.0,-1.0,-1.0,-1.0,0
neg_done_ab2015-05-29-19_1_1_averaged_588_frame1.png,-1.0,-1.0,-1.0,-1.0,0
neg_done_ab2015-05-29-19_1_1_averaged_588_frame2.png,122.10880279541016,119.81556701660156,33.117713928222656,40.18383026123047,1
neg_done_ab2015-05-29-19_2_1_averaged_590_frame1.png,-1.0,-1.0,-1.0,-1.0,0
neg_done_ab2015-05-29-23_0_1_averaged_642_frame3.png,-1.0,-1.0,-1.0,-1.0,0
neg_done_ab2015-05-29-27_3_1_averaged_52_frame0.png,132.03236389160156,247.41973876953125,38.08242416381836,45.571144104003906,1
neg_done_ab2015-05-29-27_3_1_averaged_52_frame1.png,-1.0,-1.0,-1.0,-1.0,0
neg_done_ab2015-05-29-29_3_0_averaged_711_frame2.png,133.0405731201172,162.466064453125,40.743743896484375,47.63954544067383,1
neg_done_ab2015-05-29-2_0_0_averaged_473_frame4.png,137.87892150878906,109.60562133789062,35.589847564697266,44.74680709838867,1
neg_done_ab2015-05-29-33_2_1_averaged_298_frame3.png,-1.0,-1.0,-1.0,-1.0,0
neg_done_ab2015-05-29-35_2_0_averaged_453_frame3.png,-1.0,-1.0,-1.0,-1.0,0
neg_done_ab2015-05-29-35_3_0_averaged_455_frame4.png,-1.0,-1.0,-1.0,-1.0,0
neg_done_ab2015-05-29-41_0_0_averaged_233_frame0.png,-1.0,-1.0,-1.0,-1.0,0
neg_done_ab2015-05-29-41_1_0_averaged_235_frame1.png,-1.0,-1.0,-1.0,-1.0,0
neg_done_ab2015-05-29-41_2_0_averaged_237_frame0.png,89.01917266845703,56.25257873535156,30.915098190307617,39.33258819580078,1
neg_done_ab2015-05-29-41_2_0_averaged_237_frame1.png,-1.0,-1.0,-1.0,-1.0,0
neg_done_ab2015-05-29-41_2_0_averaged_237_frame3.png,13.610209465026855,115.28913116455078,28.05318260192871,35.551063537597656,1
neg_done_ab2015-05-29-41_3_0_averaged_239_frame0.png,-1.0,-1.0,-1.0,-1.0,0
neg_done_ab2015-05-29-41_3_0_averaged_239_frame2.png,30.91913604736328,39.54054641723633,22.60610580444336,29.459144592285156,1
neg_done_ab2015-05-29-46_3_0_averaged_583_frame1.png,23.75372314453125,237.2517547607422,25.9537296295166,28.2222900390625,1
neg_done_ab2015-05-29-46_3_0_averaged_583_frame3.png,32.365203857421875,176.15859985351562,34.285152435302734,44.71871566772461,1
neg_done_ab2015-05-29-4_2_0_averaged_717_frame1.png,-1.0,-1.0,-1.0,-1.0,0
neg_done_ab2015-05-29-4_3_0_averaged_719_frame0.png,30.183536529541016,45.54944610595703,22.684635162353516,29.301027297973633,1
neg_done_ab2015-05-29-55_1_1_averaged_460_frame3.png,49.93257522583008,212.76394653320312,22.89128875732422,23.835037231445312,1
neg_done_ab2015-05-29-55_2_1_averaged_462_frame4.png,-1.0,-1.0,-1.0,-1.0,0
neg_done_ab2015-05-29-55_3_1_averaged_464_frame2.png,199.89610290527344,182.57737731933594,47.69231033325195,57.29329299926758,1
neg_done_ab2015-05-29-58_2_0_averaged_493_frame2.png,48.954864501953125,40.03111267089844,31.044628143310547,37.819923400878906,1
neg_done_ab2015-05-29-59_2_0_averaged_345_frame1.png,-1.0,-1.0,-1.0,-1.0,0
neg_done_ab2015-05-29-59_3_0_averaged_347_frame0.png,68.4701919555664,86.26826477050781,37.2076530456543,45.32521438598633,1
neg_done_ab2015-05-29-59_3_0_averaged_347_frame4.png,190.33468627929688,157.00161743164062,46.84882736206055,58.79115295410156,1
neg_done_ab2015-05-29-5_1_1_averaged_540_frame3.png,39.85725784301758,238.71267700195312,24.7273006439209,25.714855194091797,1
neg_done_ab2015-05-29-6_0_0_averaged_121_frame4.png,105.71477508544922,176.425048828125,28.715829849243164,29.098751068115234,1
neg_done_ab2015-05-29-7_0_1_averaged_650_frame0.png,17.858051300048828,139.7443389892578,31.449487686157227,38.750667572021484,1
neg_done_ab2015-05-29-7_3_1_averaged_656_frame4.png,120.40987396240234,104.69236755371094,43.42669677734375,54.03084945678711,1
neg_done_ab2015-07-28-11_0_0_averaged_69_frame4.png,-1.0,-1.0,-1.0,-1.0,0
neg_done_ab2015-07-28-13_0_1_averaged_594_frame1.png,-1.0,-1.0,-1.0,-1.0,0
neg_done_ab2015-07-28-13_3_1_averaged_600_frame0.png,-1.0,-1.0,-1.0,-1.0,0
neg_done_ab2015-07-28-14_0_1_averaged_154_frame2.png,-1.0,-1.0,-1.0,-1.0,0
neg_done_ab2015-07-28-14_0_1_averaged_154_frame3.png,24.75360679626465,90.27461242675781,31.826677322387695,40.967735290527344,1
neg_done_ab2015-07-28-14_2_1_averaged_158_frame2.png,87.62566375732422,150.48068237304688,29.39313316345215,33.46261215209961,1
neg_done_ab2015-07-28-14_3_1_averaged_160_frame4.png,-1.0,-1.0,-1.0,-1.0,0
neg_done_ab2015-07-28-18_1_0_averaged_611_frame0.png,-1.0,-1.0,-1.0,-1.0,0
neg_done_ab2015-07-28-18_1_0_averaged_611_frame4.png,-1.0,-1.0,-1.0,-1.0,0
neg_done_ab2015-07-28-18_2_0_averaged_613_frame0.png,-1.0,-1.0,-1.0,-1.0,0
neg_done_ab2015-07-28-18_2_0_averaged_613_frame2.png,-1.0,-1.0,-1.0,-1.0,0
neg_done_ab2015-07-28-18_3_0_averaged_615_frame2.png,-1.0,-1.0,-1.0,-1.0,0
neg_done_ab2015-07-28-23_0_1_averaged_698_frame3.png,85.3958511352539,51.25850296020508,39.057498931884766,47.67987060546875,1
neg_done_ab2015-07-28-23_2_1_averaged_702_frame1.png,-1.0,-1.0,-1.0,-1.0,0
neg_done_ab2015-07-28-23_3_1_averaged_704_frame1.png,-1.0,-1.0,-1.0,-1.0,0
neg_done_ab2015-07-28-25_0_0_averaged_545_frame3.png,-1.0,-1.0,-1.0,-1.0,0
neg_done_ab2015-07-28-25_2_0_averaged_549_frame4.png,22.548620223999023,146.96597290039062,31.930423736572266,38.97991943359375,1
neg_done_ab2015-07-28-30_0_1_averaged_326_frame2.png,-1.0,-1.0,-1.0,-1.0,0
neg_done_ab2015-07-28-30_1_1_averaged_328_frame2.png,67.25177764892578,61.787628173828125,34.84085464477539,43.65908432006836,1
neg_done_ab2015-07-28-30_1_1_averaged_328_frame3.png,-1.0,-1.0,-1.0,-1.0,0
neg_done_ab2015-07-28-30_2_1_averaged_330_frame0.png,-1.0,-1.0,-1.0,-1.0,0
neg_done_ab2015-07-28-30_3_1_averaged_332_frame3.png,-1.0,-1.0,-1.0,-1.0,0
neg_done_ab2015-07-28-31_0_0_averaged_169_frame3.png,81.73585510253906,57.72956848144531,45.820579528808594,58.7751579284668,1
neg_done_ab2015-07-28-31_2_0_averaged_173_frame1.png,-1.0,-1.0,-1.0,-1.0,0
neg_done_ab2015-07-28-31_3_0_averaged_175_frame4.png,-1.0,-1.0,-1.0,-1.0,0
neg_done_ab2015-07-29-15_3_1_averaged_144_frame1.png,-1.0,-1.0,-1.0,-1.0,0
neg_done_ab2015-07-29-16_0_0_averaged_673_frame0.png,-1.0,-1.0,-1.0,-1.0,0
neg_done_ab2015-07-29-16_0_0_averaged_673_frame2.png,-1.0,-1.0,-1.0,-1.0,0
neg_done_ab2015-07-29-16_2_0_averaged_677_frame0.png,-1.0,-1.0,-1.0,-1.0,0
neg_done_ab2015-07-29-16_2_0_averaged_677_frame1.png,-1.0,-1.0,-1.0,-1.0,0
neg_done_ab2015-07-29-16_3_0_averaged_679_frame3.png,-1.0,-1.0,-1.0,-1.0,0
neg_done_ab2015-07-29-21_0_1_averaged_386_frame1.png,-1.0,-1.0,-1.0,-1.0,0
neg_done_ab2015-07-29-21_2_1_averaged_390_frame3.png,17.521942138671875,242.1382598876953,24.444814682006836,22.498077392578125,1
neg_done_ab2015-07-29-42_3_1_averaged_324_frame0.png,-1.0,-1.0,-1.0,-1.0,0
neg_Proteus_mirabilis_qya2015-11-19-14_0_0_averaged_5_frame3.png,-1.0,-1.0,-1.0,-1.0,0
neg_Proteus_mirabilis_qya2015-11-19-1_0_0_averaged_14_frame4.png,-1.0,-1.0,-1.0,-1.0,0
neg_Proteus_mirabilis_qya2015-11-19-22_0_0_averaged_8_frame4.png,-1.0,-1.0,-1.0,-1.0,0
neg_Proteus_mirabilis_qya2015-11-19-26_0_0_averaged_2_frame4.png,-1.0,-1.0,-1.0,-1.0,0
neg_Proteus_mirabilis_qya2015-11-19-27_0_0_averaged_6_frame0.png,-1.0,-1.0,-1.0,-1.0,0
neg_Proteus_mirabilis_qya2015-11-19-27_0_0_averaged_6_frame4.png,-1.0,-1.0,-1.0,-1.0,0
neg_Proteus_mirabilis_qya2015-11-19-29_0_0_averaged_10_frame3.png,-1.0,-1.0,-1.0,-1.0,0
neg_Proteus_mirabilis_qya2015-11-19-2_0_0_averaged_3_frame4.png,66.21743774414062,144.1240234375,26.696186065673828,27.304298400878906,1
neg_Proteus_mirabilis_qya2015-11-19-31_0_0_averaged_0_frame3.png,-1.0,-1.0,-1.0,-1.0,0
neg_Proteus_mirabilis_qya2015-11-19-6_0_0_averaged_13_frame1.png,-1.0,-1.0,-1.0,-1.0,0
neg_Proteus_mirabilis_qya2015-11-19-6_0_0_averaged_13_frame4.png,-1.0,-1.0,-1.0,-1.0,0
neg_Pseudomonasaeruginosa_ab2015-02-23-48_0_0_averaged_17_frame0.png,-1.0,-1.0,-1.0,-1.0,0
neg_T2SS_ab2014-10-15-22_0_0_averaged_729_frame3.png,-1.0,-1.0,-1.0,-1.0,0
neg_T2SS_ab2014-10-15-22_0_0_averaged_729_frame4.png,-1.0,-1.0,-1.0,-1.0,0
neg_T2SS_ab2015-02-12-27_1_0_averaged_723_frame0.png,-1.0,-1.0,-1.0,-1.0,0
neg_T2SS_ab2015-05-29-27_1_1_averaged_728_frame1.png,-1.0,-1.0,-1.0,-1.0,0
Pseudomonasaeruginosa_ab2015-02-23-39_0_1_averaged_16_frame4.png,118.75702667236328,118.77644348144531,47.78444290161133,63.12900161743164,1
Pseudomonasaeruginosa_ab2015-02-23-48_0_0_averaged_17_frame1.png,162.7149658203125,42.08784103393555,48.4393424987793,63.32692337036133,1
Pseudomonasaeruginosa_ab2015-05-29-39_0_0_averaged_19_frame0.png,61.93019104003906,115.60557556152344,49.8451042175293,66.53533172607422,1
T2SS_ab2014-10-15-13_0_0_averaged_773_frame2.png,-1.0,-1.0,-1.0,-1.0,0
T2SS_ab2014-10-15-13_1_0_averaged_775_frame3.png,38.175392150878906,174.80862426757812,26.311492919921875,30.846881866455078,1
T2SS_ab2014-10-15-22_1_0_averaged_731_frame2.png,14.158138275146484,165.10122680664062,19.2186336517334,23.595088958740234,1
T2SS_ab2014-10-29-10_1_0_averaged_743_frame1.png,-1.0,-1.0,-1.0,-1.0,0
T2SS_ab2014-10-29-10_1_0_averaged_743_frame2.png,32.0883903503418,173.22601318359375,26.652761459350586,33.45265579223633,1
T2SS_ab2014-10-29-34_0_1_averaged_750_frame2.png,26.54212760925293,35.97460174560547,29.699655532836914,37.98185729980469,1
T2SS_ab2014-10-29-34_1_1_averaged_752_frame3.png,28.477792739868164,156.23367309570312,27.89394760131836,36.05538558959961,1
T2SS_ab2014-10-29-6_1_0_averaged_763_frame0.png,-1.0,-1.0,-1.0,-1.0,0
T2SS_ab2015-02-12-27_1_0_averaged_723_frame3.png,-1.0,-1.0,-1.0,-1.0,0
T2SS_ab2015-02-12-5_1_0_averaged_747_frame0.png,-1.0,-1.0,-1.0,-1.0,0
T2SS_ab2015-02-12-5_1_0_averaged_747_frame4.png,-1.0,-1.0,-1.0,-1.0,0
T2SS_ab2015-02-12-9_0_1_averaged_766_frame2.png,-1.0,-1.0,-1.0,-1.0,0
T2SS_ab2015-02-12-9_1_1_averaged_768_frame0.png,57.88686752319336,96.202392578125,29.1484432220459,35.190250396728516,1
T2SS_ab2015-02-12-9_1_1_averaged_768_frame2.png,12.474996566772461,92.10411071777344,17.7078800201416,20.89669418334961,1
T2SS_ab2015-02-12-9_1_1_averaged_768_frame3.png,100.9205093383789,65.26041412353516,26.32901954650879,32.41397476196289,1
T2SS_ab2015-02-23-2_0_1_averaged_738_frame2.png,51.25167465209961,124.96890258789062,24.772544860839844,30.62383460998535,1
T2SS_ab2015-02-23-2_1_1_averaged_740_frame0.png,-1.0,-1.0,-1.0,-1.0,0
T2SS_ab2015-05-29-14_1_1_averaged_756_frame0.png,-1.0,-1.0,-1.0,-1.0,0
T2SS_ab2015-05-29-14_1_1_averaged_756_frame2.png,85.06381225585938,79.15544128417969,31.956012725830078,39.07637405395508,1
T2SS_ab2015-05-29-14_1_1_averaged_756_frame4.png,-1.0,-1.0,-1.0,-1.0,0
T2SS_ab2015-05-29-15_1_1_averaged_772_frame4.png,-1.0,-1.0,-1.0,-1.0,0
T2SS_ab2015-07-28-11_0_0_averaged_733_frame1.png,-1.0,-1.0,-1.0,-1.0,0
T2SS_ab2015-07-28-11_1_0_averaged_735_frame3.png,63.28822708129883,36.19104766845703,34.27035140991211,42.84913635253906,1